book_copy_number,general_condition,book_format,book_number
1,In the warehouse,Physical book,1
2,In the warehouse,eBooks,2
3,On rent,Physical book,3
4,In the warehouse,Physical book,4
5,In the warehouse,Physical book,5
6,In the warehouse,Physical book,6
7,In the warehouse,Physical book,7
8,In the warehouse,eBooks,8
9,On rent,eBooks,9
10,In the warehouse,eBooks,10
11,In the warehouse,eBooks,11
12,On rent,eBooks,12
13,On rent,eBooks,13
14,On rent,eBooks,14
15,In the warehouse,Physical book,15
16,On rent,Physical book,16
17,In the warehouse,Physical book,17
18,On rent,Physical book,18
19,On rent,Physical book,19
20,In the warehouse,Physical book,20
21,On rent,Physical book,21
22,In the warehouse,Physical book,22
23,On rent,Physical book,23
24,On rent,eBooks,24
25,On rent,Physical book,25
26,In the warehouse,Physical book,26
27,In the warehouse,Physical book,27
28,In the warehouse,eBooks,28
29,On rent,eBooks,29
30,In the warehouse,Physical book,30
31,In the warehouse,eBooks,31
32,On rent,eBooks,32
33,On rent,Physical book,33
34,In the warehouse,Physical book,34
35,On rent,eBooks,35
36,On rent,Physical book,36
37,On rent,eBooks,37
38,In the warehouse,eBooks,38
39,On rent,eBooks,39
40,In the warehouse,eBooks,40
41,On rent,eBooks,41
42,In the warehouse,Physical book,42
43,On rent,Physical book,43
44,On rent,Physical book,44
45,In the warehouse,Physical book,45
46,In the warehouse,Physical book,46
47,In the warehouse,eBooks,47
48,On rent,eBooks,48
49,On rent,Physical book,49
50,In the warehouse,eBooks,50
51,On rent,eBooks,51
52,On rent,Physical book,52
53,In the warehouse,eBooks,53
54,On rent,Physical book,54
55,In the warehouse,Physical book,55
56,In the warehouse,Physical book,56
57,In the warehouse,Physical book,57
58,In the warehouse,Physical book,58
59,On rent,Physical book,59
60,In the warehouse,eBooks,60
61,On rent,Physical book,61
62,On rent,Physical book,62
63,On rent,Physical book,63
64,On rent,Physical book,64
65,On rent,eBooks,65
66,In the warehouse,eBooks,66
67,On rent,eBooks,67
68,In the warehouse,Physical book,68
69,On rent,Physical book,69
70,On rent,eBooks,70
71,On rent,eBooks,71
72,On rent,Physical book,72
73,On rent,Physical book,73
74,On rent,eBooks,74
75,In the warehouse,Physical book,75
76,On rent,eBooks,76
77,In the warehouse,Physical book,77
78,In the warehouse,Physical book,78
79,In the warehouse,Physical book,79
80,In the warehouse,eBooks,80
81,In the warehouse,Physical book,81
82,On rent,Physical book,82
83,In the warehouse,eBooks,83
84,On rent,Physical book,84
85,On rent,Physical book,85
86,In the warehouse,eBooks,86
87,In the warehouse,eBooks,87
88,On rent,Physical book,88
89,On rent,eBooks,89
90,On rent,Physical book,90
91,In the warehouse,Physical book,91
92,On rent,Physical book,92
93,On rent,Physical book,93
94,In the warehouse,eBooks,94
95,On rent,eBooks,95
96,In the warehouse,eBooks,96
97,In the warehouse,Physical book,97
98,On rent,Physical book,98
99,In the warehouse,Physical book,99
100,In the warehouse,Physical book,100
