employee_number,supervisor,employee_first_name,employee_phone,employee_adress,soc_sec_number,hire_date,salary,email,store_number,employee_adress_2
1,Laith Cox,Randolph,(435) 173-3124,"P.O. Box 767, 8682 Sed Road",52536,2022/12/8,4338 ,rhoncus.proin@hotmail.com,1,764-6342 Metus St.
2,Jeanette Wiley,Wood,(134) 595-7622,370-4741 Volutpat St.,53766,2023/3/26,4227 ,ultricies.dignissim@protonmail.couk,2,"P.O. Box 834, 8691 Malesuada Avenue"
3,Vance Banks,Porter,(687) 416-3843,"P.O. Box 412, 1630 Est, Road",73128,2023/9/13,2339 ,quam.pellentesque.habitant@outlook.ca,3,"P.O. Box 434, 1836 Donec St."
4,Hollee Macdonald,Floyd,(930) 376-2310,5809 Ipsum Av.,47574,2023/7/19,1186 ,metus.in.lorem@outlook.edu,4,Ap #379-4513 Dolor Road
5,Colette Medina,Mccormick,1-771-255-6008,918-9903 Quisque Avenue,64731,2023/12/9,2529 ,sed@google.org,5,Ap #847-2533 Dictum Rd.
6,Uriah Vaughan,Willis,1-521-799-6734,2993 In Av.,68258,2022/11/15,2737 ,amet.luctus.vulputate@aol.org,6,Ap #334-4667 Duis Rd.
7,Zephania Kirkland,Cook,(156) 976-8533,816-2799 Nec Street,51491,2022/12/25,1554 ,augue.porttitor@outlook.edu,7,237-6805 Cras Rd.
8,Vladimir Bentley,Oneil,1-660-621-1884,Ap #884-8288 Urna. Street,80703,2023/10/6,4616 ,eget.ipsum@yahoo.net,8,"P.O. Box 259, 2752 Semper Ave"
9,Cadman Ford,Preston,1-832-527-1221,Ap #646-6714 Et Street,36081,2022/11/16,4876 ,auctor.vitae@yahoo.net,9,Ap #693-3820 Ornare Ave
10,Erin Hancock,Long,1-218-218-9997,348 Sed Street,34562,2024/3/31,4603 ,ridiculus@hotmail.com,10,5669 Eros. Road
11,Tobias Mann,Newman,(271) 644-7705,Ap #414-708 Vitae Rd.,82598,2023/1/31,1456 ,imperdiet.nec@protonmail.com,11,422-7154 Nunc St.
12,Cade Morin,Chan,(802) 842-7422,647-1185 Iaculis Road,22592,2023/4/5,2008 ,maecenas.ornare.egestas@hotmail.org,12,861-8554 Euismod Av.
13,Hedy Warner,Villarreal,1-124-841-5455,"P.O. Box 285, 2755 Penatibus Avenue",23163,2024/1/26,1859 ,ante.dictum@icloud.edu,13,Ap #706-3823 Nibh Street
14,Ralph Hammond,Morgan,(575) 738-4504,156-8777 Augue. Street,64019,2023/1/15,1513 ,curabitur.consequat.lectus@hotmail.net,14,228-3585 Integer St.
15,Seth Dudley,Mcknight,1-707-748-2477,"P.O. Box 431, 8179 Eu Road",4831,2023/2/24,3637 ,mauris.rhoncus@yahoo.edu,15,882-1464 Eleifend Rd.
16,Herman Murphy,Ochoa,(846) 751-6744,853-247 Feugiat. Av.,52737,2024/4/20,4587 ,mauris.ut@google.org,16,"Ap #421-4748 Vitae, Ave"
17,Iona Burt,Hebert,(156) 598-9555,2107 Molestie Av.,34964,2023/5/16,4355 ,placerat.orci@icloud.net,17,Ap #583-8662 Sit Ave
18,Chiquita Hale,Chambers,(165) 446-0615,Ap #636-9354 Adipiscing Avenue,52256,2024/2/7,2797 ,ac.tellus@aol.com,18,8425 Lacus. Rd.
19,Armando Lawrence,Haney,(377) 231-2033,5233 Nibh St.,35827,2022/10/31,4935 ,ut.lacus@google.edu,19,Ap #563-7444 Congue. Street
20,Griffin Anderson,Baird,(609) 648-1546,553-7324 Mi Street,74714,2023/5/8,2688 ,magna@icloud.net,20,Ap #187-856 Integer St.
21,Hall Ray,Abbott,(633) 842-4558,925-4011 Magna. Av.,38268,2023/12/6,1538 ,tempus.non@google.ca,21,Ap #464-2432 Donec Ave
22,Lee Kirk,Cervantes,(276) 171-5405,4287 Vitae Road,70331,2022/8/17,3065 ,mollis@hotmail.org,22,620-5202 Magna Avenue
23,Devin Mcdonald,Mclean,(137) 533-4123,Ap #739-2495 Dui. Ave,87799,2024/5/9,2256 ,suspendisse.eleifend@google.edu,23,950-3706 Integer Street
24,Bell Barnes,Vargas,(311) 175-4873,173-3369 Facilisi. Rd.,78667,2023/10/9,2524 ,metus.aenean@icloud.edu,24,"927-4573 Laoreet, Rd."
25,Inez Estes,King,1-794-385-0080,Ap #990-8386 Auctor Av.,15485,2023/6/25,1592 ,venenatis.lacus@icloud.couk,25,897-6207 Mauris Street
26,Benjamin Evans,Wise,(582) 556-5384,177-8389 Sed Avenue,80532,2022/11/1,4679 ,integer@hotmail.net,26,Ap #862-9642 Luctus Rd.
27,Bert Phelps,Murphy,(232) 184-1815,"P.O. Box 528, 7659 Viverra. Road",72855,2023/6/10,4498 ,euismod@icloud.edu,27,Ap #359-5271 Nisl St.
28,Denton O'connor,Morales,1-146-478-3037,"P.O. Box 614, 2146 Sociis Av.",9460,2023/5/1,1989 ,sed@yahoo.couk,28,Ap #515-3666 Egestas. Rd.
29,Travis Bowen,King,1-563-143-3592,690 Pede Rd.,33753,2024/1/14,1403 ,et@aol.ca,29,Ap #166-7487 Maecenas Avenue
30,Aline Ryan,Garrett,1-821-891-4376,"P.O. Box 813, 4149 Suscipit Avenue",43712,2024/5/9,1719 ,sollicitudin.commodo@google.net,30,Ap #237-6483 Facilisis Av.
31,Teegan Christensen,Sosa,1-365-792-4127,505-7992 Sem Av.,39153,2022/8/16,3402 ,quisque.imperdiet.erat@yahoo.net,31,"P.O. Box 488, 3736 Molestie St."
32,Graham Dunlap,Martin,1-266-316-1126,"P.O. Box 277, 5908 Velit. Avenue",5816,2024/1/2,3131 ,turpis.nulla@hotmail.org,32,Ap #431-5909 Ut St.
33,Reagan Ortega,Rosa,(644) 212-2826,6464 Vitae St.,68687,2024/3/27,4642 ,nulla.tincidunt@google.com,33,"8250 Ultrices, Av."
34,Axel Lamb,Reid,(228) 625-5992,Ap #181-9872 Arcu Road,84916,2023/11/29,3990 ,massa.suspendisse.eleifend@outlook.net,34,5975 Ut Ave
35,Hoyt Sawyer,Mosley,1-365-721-3246,2759 Proin Street,27969,2024/1/16,4430 ,phasellus.elit.pede@google.com,35,"343-2521 Convallis, Avenue"
36,Megan Hanson,Barlow,1-874-498-4525,"P.O. Box 939, 8448 Fusce Rd.",44860,2024/2/20,4157 ,praesent.interdum.ligula@aol.edu,36,"P.O. Box 899, 9086 Adipiscing Ave"
37,Serena Diaz,Chan,(284) 543-6236,"P.O. Box 592, 5570 Vulputate, Rd.",52234,2024/2/1,3400 ,nullam.vitae.diam@yahoo.org,37,Ap #302-4975 Auctor Av.
38,Lyle Raymond,Kline,(823) 418-6087,729-1715 Proin Rd.,87879,2023/1/17,3133 ,sagittis.duis@yahoo.edu,38,"P.O. Box 154, 7709 Sociis Rd."
39,Irene Steele,Gallagher,(648) 631-7264,Ap #687-7625 Pede Road,21433,2022/7/26,3373 ,felis.orci@protonmail.edu,39,Ap #586-7487 Et Road
40,Gwendolyn Levine,Jacobs,(185) 752-6923,5069 Fermentum St.,21401,2023/12/20,3634 ,ac.risus@aol.org,40,"P.O. Box 651, 1533 Suspendisse Street"
41,Julian Floyd,Wilkinson,1-516-605-2715,922-8611 Sed Avenue,5860,2022/11/6,3965 ,lectus.pede@aol.net,41,352-9741 Nunc St.
42,Blaze Zimmerman,Dalton,(313) 249-3656,"P.O. Box 203, 2762 Iaculis Street",65413,2023/12/11,1374 ,sem@outlook.net,42,Ap #980-469 Mauris Rd.
43,Ramona Moreno,Randall,1-439-625-2391,"P.O. Box 504, 4252 Turpis St.",11636,2023/3/10,1295 ,ipsum.cursus@yahoo.org,43,Ap #623-8687 Ac Avenue
44,Aiko Coleman,Campos,1-657-615-9287,"P.O. Box 720, 6792 A, St.",94756,2022/8/20,1457 ,interdum.libero.dui@icloud.com,44,"997-270 Ullamcorper, Avenue"
45,Aspen Christensen,Whitehead,1-847-410-2290,892-9140 Dolor Street,41271,2023/6/22,4796 ,vel@icloud.com,45,Ap #480-422 Fermentum St.
46,Sean Richmond,Gutierrez,1-682-398-4225,Ap #778-4856 Elit. Ave,83903,2024/1/27,2619 ,interdum.curabitur.dictum@hotmail.ca,46,7666 Sem St.
47,Malik Sweet,Fields,(741) 581-3616,4026 Auctor. Ave,98387,2023/6/18,3376 ,urna.ut@icloud.ca,47,Ap #388-7641 Et Ave
48,Gillian Riggs,Mcguire,1-477-129-4997,Ap #261-5195 Maecenas St.,11031,2022/11/10,1875 ,enim@google.net,48,"Ap #626-4207 Vitae, Road"
49,Uta Mason,Owen,1-540-458-5179,9845 Quam Street,26473,2023/10/8,1652 ,quam.pellentesque@aol.net,49,Ap #489-8961 Nulla Road
50,Malachi Michael,Madden,1-791-266-1507,408-2580 Dolor Av.,50126,2022/12/26,4051 ,orci.phasellus@google.com,50,Ap #837-3880 Blandit Av.
51,Ulysses Thompson,Ferguson,1-888-142-5764,713-2698 Magna St.,84188,2022/8/11,2468 ,adipiscing@google.net,51,173-696 Nunc. Avenue
52,Keelie Norton,Mooney,1-284-361-9832,"P.O. Box 754, 6677 Purus. Avenue",63376,2023/12/19,1848 ,semper@protonmail.net,52,"P.O. Box 538, 3578 Parturient St."
53,Gil Bender,Bray,1-791-852-4018,"P.O. Box 158, 4401 Ac Rd.",47134,2022/12/5,4883 ,aliquam.iaculis@protonmail.couk,53,"P.O. Box 677, 3162 Ipsum Rd."
54,Veronica Roth,Hunt,1-898-744-4862,Ap #961-8568 Sed Rd.,28875,2023/8/29,1931 ,sed.libero@yahoo.org,54,464-2340 Nec St.
55,Louis Kinney,Bright,(706) 778-3694,"P.O. Box 825, 6865 Sed St.",19568,2022/7/27,1714 ,enim.consequat.purus@google.org,55,262-7052 Cursus Rd.
56,Xanthus Gomez,Sharp,1-681-288-9926,"959-2388 Lorem, Rd.",68682,2024/4/17,3749 ,nulla.tincidunt@protonmail.net,56,369-2759 Lobortis Rd.
57,Wendy Conley,Flores,1-543-666-1420,"P.O. Box 194, 6636 Augue Rd.",38714,2023/5/11,2877 ,eleifend@icloud.edu,57,Ap #548-5083 Nullam Street
58,Fleur Herman,Jimenez,(363) 358-3835,517-6228 Lobortis Street,2716,2022/12/16,3329 ,nec@protonmail.edu,58,"P.O. Box 708, 9977 Magna. Av."
59,Cooper Sargent,Juarez,(475) 748-7993,"P.O. Box 507, 5963 Lectus Rd.",20157,2022/7/21,2013 ,ipsum.curabitur@icloud.com,59,113-4426 Faucibus. St.
60,Hashim Mccall,Petty,1-762-456-7617,1025 Molestie Avenue,33568,2023/3/30,2690 ,bibendum@yahoo.net,60,"965-1502 Eu, St."
61,Giacomo Welch,Vang,(214) 123-9893,Ap #103-7876 Sem Avenue,99406,2022/11/27,2825 ,risus.quis@outlook.net,61,6961 In Avenue
62,Kelly Bradley,Manning,1-611-725-3741,"5271 A, Rd.",19898,2024/6/10,1067 ,eget.dictum@outlook.couk,62,Ap #838-351 Et Rd.
63,Barbara Myers,Rocha,(646) 899-8714,249-5796 Vehicula St.,47058,2022/12/7,1332 ,id.mollis.nec@yahoo.com,63,"Ap #355-2069 Est, Rd."
64,George Houston,Dillard,(754) 547-8684,215-733 Et Av.,13788,2024/1/17,1629 ,vestibulum@protonmail.edu,64,7330 Sit Avenue
65,Sybil Briggs,Juarez,(689) 691-2559,Ap #624-5537 Eu Rd.,3583,2022/10/15,1972 ,tristique@aol.edu,65,856-9357 Ornare Avenue
66,Calista Elliott,Lynch,1-824-738-6210,Ap #760-2551 Metus. St.,97656,2024/5/18,1724 ,purus@hotmail.edu,66,"3163 Posuere, Rd."
67,Reese Contreras,Mcguire,1-355-532-3139,Ap #746-9877 Viverra. Avenue,74491,2022/9/6,4527 ,augue.ac@icloud.edu,67,Ap #824-5937 Sed Avenue
68,Ignacia Nieves,Lindsay,1-131-478-4173,382-3004 Molestie Street,31549,2024/4/1,2437 ,tempus@aol.ca,68,878 Facilisis Av.
69,Roanna Soto,Zimmerman,1-689-466-3246,6320 Augue Rd.,57881,2023/11/28,4219 ,adipiscing.lobortis@google.edu,69,"P.O. Box 257, 6863 Phasellus St."
70,Zeus Pittman,Avery,(292) 644-9853,693-2314 Nulla Rd.,93766,2023/5/9,4745 ,facilisis.magna.tellus@icloud.couk,70,216-6997 Hymenaeos. Av.
71,Wyoming Stone,Stanton,(353) 626-7364,917-9423 Vestibulum Road,33657,2023/7/28,1161 ,aliquet.lobortis.nisi@hotmail.com,71,4238 Aliquet St.
72,Ahmed Lloyd,Stout,(392) 232-7106,104-6179 Risus. Rd.,1173,2023/9/28,1579 ,auctor.ullamcorper@protonmail.ca,72,819-8387 Penatibus Road
73,Odessa Benson,Hughes,1-267-816-2324,277-6118 Vel St.,74508,2024/1/16,3117 ,mus.aenean.eget@outlook.com,73,8021 Eu Road
74,Mariam Burke,Gould,1-832-586-4464,"252 Mi, Av.",51186,2024/4/22,2067 ,suscipit.nonummy.fusce@protonmail.edu,74,304-2432 At Ave
75,Judah Mckenzie,Hyde,1-769-280-6093,732-1623 Diam. Rd.,84042,2024/5/16,1057 ,mus@protonmail.org,75,9160 Et Ave
76,Sebastian Wade,Maynard,1-575-635-5222,"P.O. Box 432, 3808 Praesent Ave",38311,2022/8/2,2045 ,ac.eleifend@icloud.edu,76,"P.O. Box 500, 4188 Semper Street"
77,Abbot Rogers,Castillo,1-550-316-5202,Ap #818-6244 Pede. Street,88587,2023/1/19,1783 ,at.sem.molestie@outlook.couk,77,Ap #289-8686 Iaculis Rd.
78,Drew Hanson,Lawrence,1-323-753-6473,Ap #379-3866 Libero. Avenue,96648,2023/11/23,1279 ,lacus.aliquam@icloud.com,78,"640-218 Rutrum, Av."
79,Alden Frye,Patel,(432) 688-1423,624-9781 Neque. Road,71526,2023/7/13,3057 ,condimentum@aol.org,79,"701-6105 Ornare, Street"
80,Janna Tran,Carver,1-272-376-7511,916-5147 Nulla Road,73277,2023/6/27,1101 ,rutrum.justo@google.edu,80,"P.O. Box 307, 7301 Quis, Road"
81,Tasha Tyler,Tyson,(408) 476-7836,Ap #893-7860 Ultrices Av.,56474,2023/5/20,3526 ,est@aol.couk,81,879-9733 Adipiscing Street
82,Ulric Rivers,Miles,(272) 289-9628,Ap #440-8455 Eleifend St.,32213,2024/1/3,3010 ,quam.elementum.at@yahoo.net,82,"P.O. Box 710, 7813 Erat Street"
83,Kirby Carlson,Horne,1-561-380-2204,Ap #666-4809 Integer Rd.,27251,2024/6/14,2608 ,lacus.vestibulum@aol.couk,83,Ap #390-9749 Lacinia Av.
84,Isaac Cole,Levy,1-263-284-3432,6444 Enim. Avenue,17916,2023/4/10,3912 ,praesent.eu.dui@outlook.org,84,Ap #742-2160 Amet Rd.
85,Molly Salazar,Cortez,1-527-767-7356,3219 Volutpat. St.,53343,2024/2/7,1754 ,malesuada@yahoo.edu,85,1247 Risus. Rd.
86,Daria Leon,Sweeney,(400) 641-0869,360-2119 Velit Rd.,45505,2023/10/28,1621 ,mauris@outlook.ca,86,"P.O. Box 480, 1563 Nulla Street"
87,Rhea Padilla,Bender,1-614-412-4353,4800 Commodo Rd.,72488,2022/10/1,1435 ,purus@hotmail.edu,87,316-917 Integer Avenue
88,Caryn Dean,Knox,1-474-528-8506,Ap #143-3791 Enim. Street,21824,2023/9/3,3720 ,consectetuer@protonmail.com,88,952-8371 Mauris Rd.
89,Zachery Berg,Mcdowell,(481) 445-6402,Ap #421-8814 Ullamcorper. Av.,87013,2023/12/7,1376 ,augue.malesuada@yahoo.net,89,1508 Sagittis. Road
90,Phelan Barlow,Bean,(538) 872-5077,Ap #361-6341 Sed Ave,23908,2024/4/21,1867 ,feugiat.lorem@hotmail.net,90,"3628 Placerat, Avenue"
91,Jerry Reese,James,1-363-764-6589,5912 Magna. Rd.,55928,2024/5/12,2214 ,iaculis.quis@hotmail.net,91,Ap #378-5983 Integer St.
92,Lareina Boyer,Blair,1-544-247-2041,Ap #806-8741 Nulla Road,22785,2024/3/9,1510 ,suspendisse.eleifend.cras@hotmail.com,92,Ap #906-8041 Donec Street
93,Beatrice Collier,Simon,1-314-882-7416,185 Placerat. Street,26571,2023/10/2,4957 ,a.arcu@outlook.edu,93,"P.O. Box 811, 3857 Etiam Street"
94,Fleur Cook,Shaffer,(385) 266-5758,279 Felis. Rd.,65467,2023/7/6,2262 ,nisl.sem.consequat@aol.ca,94,4506 Quis Rd.
95,Seth Gates,Vega,(422) 841-1314,491-8672 Erat Ave,45769,2022/9/7,4419 ,eros.nec.tellus@yahoo.couk,95,"P.O. Box 156, 5881 Eros. St."
96,Mari Haynes,Ortiz,(860) 416-2218,419-3181 Molestie Avenue,56164,2023/7/24,3779 ,natoque.penatibus@outlook.edu,96,"P.O. Box 300, 8203 Sit Av."
97,Xavier Morin,Jarvis,(214) 728-4082,1231 Ligula Street,28598,2022/8/26,1767 ,sem@protonmail.couk,97,Ap #874-499 Lorem Rd.
98,Davis Church,Vinson,1-508-406-1824,"P.O. Box 241, 7651 Quisque Ave",56510,2023/11/16,1266 ,aliquam.gravida.mauris@hotmail.net,98,696-2145 Consectetuer Road
99,Mariam Henson,Thornton,1-638-177-0706,"P.O. Box 667, 6263 Cras St.",36211,2023/7/19,4172 ,accumsan@protonmail.com,99,"Ap #463-7104 Montes, Rd."
100,Erasmus Sparks,Pacheco,(213) 644-2417,"Ap #906-3399 Sem, Avenue",68424,2024/4/19,2115 ,nullam.enim@aol.couk,100,Ap #791-6909 Purus Av.
